/*shop_product*/
INSERT INTO `__SC_DB_PREFIX__shop_product` (`id`, `sku`, `alias`, `image`, `brand_id`, `supplier_id`, `price`, `cost`, `stock`, `status`, `kind`, `tax_id`, `date_available`, `sold`, `minimum`, `store_id`) VALUES 
(1,'ABCZZ','demo-alias-name-product-1','/data/product/product-1.png','1','1','15000','10000','99','1',0,'auto', null, '1','0', 1),
(2,'LEDFAN1','demo-alias-name-product-2','/data/product/product-2.png','1','1','15000','10000','100','1',0,'auto', null, '0','0', 1),
(3,'CLOCKFAN1','demo-alias-name-product-3','/data/product/product-3.png','2','1','15000','10000','100','1',0,'auto', null, '0','0', 1),
(4,'CLOCKFAN2','demo-alias-name-product-4','/data/product/product-4.png','3','1','15000','10000','100','1',0,'auto', null, '0','10', 1),
(5,'CLOCKFAN3','demo-alias-name-product-5','/data/product/product-5.png','1','1','15000','10000','100','1',0,'auto', null, '0','0', 1),
(6,'TMC2208','demo-alias-name-product-6','/data/product/product-6.png','1','1','15000','10000','100','1',0,'auto', null, '0','0', 1),
(7,'FILAMENT','demo-alias-name-product-7','/data/product/product-7.png','2','1','15000','10000','100','1',0,'auto', null, '0','0', 1),
(8,'A4988','demo-alias-name-product-8','/data/product/product-8.png','2','1','15000','10000','100','1',0,'auto', null, '0','0', 1),
(9,'ANYCUBIC-P','demo-alias-name-product-9','/data/product/product-9.png','2','1','15000','10000','100','1',0,'auto', null, '0','0', 1),
(10,'3DHLFD-P','demo-alias-name-product-10','/data/product/product-10.png','4','1','15000','10000','100','1',0,'auto', null, '0','0', 1),
(11,'SS495A','demo-alias-name-product-11','/data/product/product-11.png','2','1','15000','10000','100','1',0,'auto', null, '0','0', 1),
(12,'3D-CARBON175','demo-alias-name-product-12','/data/product/product-12.png','2','1','15000','10000','100','1',0,'auto', null, '0','5', 1),
(13,'3D-GOLD175','demo-alias-name-product-13','/data/product/product-13.png','3','1','10000','5000','0','1',0,'auto', null, '0','0', 1),
(14,'LCD12864-3D','demo-alias-name-product-14','/data/product/product-14.png','3','1','15000','10000','100','1',0,'auto', null, '0','0', 1),
(15,'LCD2004-3D','demo-alias-name-product-15','/data/product/product-15.png','3','1','15000','10000','100','1',1,'auto', null, '0','10', 1),
(16,'RAMPS15-3D','demo-alias-name-product-16','/data/product/product-16.png','2','1','0','0','0','1',2,'auto', null, '0','0', 1),
(17,'ALOKK1-AY','demo-alias-name-product-17','/data/product/product-10.png','3','1','15000','10000','100','1',0,'auto', null, '0','5', 1);

/*shop_product_description*/
INSERT INTO `__SC_DB_PREFIX__shop_product_description` (`product_id`, `lang`, `name`, `keyword`, `description`, `content`) VALUES 
('1','en','Easy Polo Black Edition 1', '','', '<p>Lorem ipsum dolor sit amet, consectetur adipisicing elit, sed do eiusmod tempor incididunt ut labore et dolore magna aliqua.Lorem ipsum dolor sit amet, consectetur adipisicing elit, sed do eiusmod tempor incididunt ut labore et dolore magna aliqua.<img alt=\"\" src=\"/data/product/product-10.png\" style=\"width: 262px; height: 262px; float: right; margin: 10px;\" /></p>
<p>Lorem ipsum dolor sit amet, consectetur adipisicing elit, sed do eiusmod tempor incididunt ut labore et dolore magna aliqua.Lorem ipsum dolor sit amet, consectetur adipisicing elit, sed do eiusmod tempor incididunt ut labore et dolore magna aliqua.</p>'),
('2','en','Easy Polo Black Edition 2', '','', '<p>Lorem ipsum dolor sit amet, consectetur adipisicing elit, sed do eiusmod tempor incididunt ut labore et dolore magna aliqua.Lorem ipsum dolor sit amet, consectetur adipisicing elit, sed do eiusmod tempor incididunt ut labore et dolore magna aliqua.<img alt=\"\" src=\"/data/product/product-10.png\" style=\"width: 262px; height: 262px; float: right; margin: 10px;\" /></p>
<p>Lorem ipsum dolor sit amet, consectetur adipisicing elit, sed do eiusmod tempor incididunt ut labore et dolore magna aliqua.Lorem ipsum dolor sit amet, consectetur adipisicing elit, sed do eiusmod tempor incididunt ut labore et dolore magna aliqua.</p>'),
('3','en','Easy Polo Black Edition 3', '','', '<p>Lorem ipsum dolor sit amet, consectetur adipisicing elit, sed do eiusmod tempor incididunt ut labore et dolore magna aliqua.Lorem ipsum dolor sit amet, consectetur adipisicing elit, sed do eiusmod tempor incididunt ut labore et dolore magna aliqua.<img alt=\"\" src=\"/data/product/product-10.png\" style=\"width: 262px; height: 262px; float: right; margin: 10px;\" /></p>
<p>Lorem ipsum dolor sit amet, consectetur adipisicing elit, sed do eiusmod tempor incididunt ut labore et dolore magna aliqua.Lorem ipsum dolor sit amet, consectetur adipisicing elit, sed do eiusmod tempor incididunt ut labore et dolore magna aliqua.</p>'),
('4','en','Easy Polo Black Edition 4', '','', '<p>Lorem ipsum dolor sit amet, consectetur adipisicing elit, sed do eiusmod tempor incididunt ut labore et dolore magna aliqua.Lorem ipsum dolor sit amet, consectetur adipisicing elit, sed do eiusmod tempor incididunt ut labore et dolore magna aliqua.<img alt=\"\" src=\"/data/product/product-10.png\" style=\"width: 262px; height: 262px; float: right; margin: 10px;\" /></p>
<p>Lorem ipsum dolor sit amet, consectetur adipisicing elit, sed do eiusmod tempor incididunt ut labore et dolore magna aliqua.Lorem ipsum dolor sit amet, consectetur adipisicing elit, sed do eiusmod tempor incididunt ut labore et dolore magna aliqua.</p>'),
('5','en','Easy Polo Black Edition 5', '','', '<p>Lorem ipsum dolor sit amet, consectetur adipisicing elit, sed do eiusmod tempor incididunt ut labore et dolore magna aliqua.Lorem ipsum dolor sit amet, consectetur adipisicing elit, sed do eiusmod tempor incididunt ut labore et dolore magna aliqua.<img alt=\"\" src=\"/data/product/product-10.png\" style=\"width: 262px; height: 262px; float: right; margin: 10px;\" /></p>
<p>Lorem ipsum dolor sit amet, consectetur adipisicing elit, sed do eiusmod tempor incididunt ut labore et dolore magna aliqua.Lorem ipsum dolor sit amet, consectetur adipisicing elit, sed do eiusmod tempor incididunt ut labore et dolore magna aliqua.</p>'),
('6','en','Easy Polo Black Edition 6', '','', '<p>Lorem ipsum dolor sit amet, consectetur adipisicing elit, sed do eiusmod tempor incididunt ut labore et dolore magna aliqua.Lorem ipsum dolor sit amet, consectetur adipisicing elit, sed do eiusmod tempor incididunt ut labore et dolore magna aliqua.<img alt=\"\" src=\"/data/product/product-10.png\" style=\"width: 262px; height: 262px; float: right; margin: 10px;\" /></p>
<p>Lorem ipsum dolor sit amet, consectetur adipisicing elit, sed do eiusmod tempor incididunt ut labore et dolore magna aliqua.Lorem ipsum dolor sit amet, consectetur adipisicing elit, sed do eiusmod tempor incididunt ut labore et dolore magna aliqua.</p>'),
('7','en','Easy Polo Black Edition 7', '','', '<p>Lorem ipsum dolor sit amet, consectetur adipisicing elit, sed do eiusmod tempor incididunt ut labore et dolore magna aliqua.Lorem ipsum dolor sit amet, consectetur adipisicing elit, sed do eiusmod tempor incididunt ut labore et dolore magna aliqua.<img alt=\"\" src=\"/data/product/product-10.png\" style=\"width: 262px; height: 262px; float: right; margin: 10px;\" /></p>
<p>Lorem ipsum dolor sit amet, consectetur adipisicing elit, sed do eiusmod tempor incididunt ut labore et dolore magna aliqua.Lorem ipsum dolor sit amet, consectetur adipisicing elit, sed do eiusmod tempor incididunt ut labore et dolore magna aliqua.</p>'),
('8','en','Easy Polo Black Edition 8', '','', '<p>Lorem ipsum dolor sit amet, consectetur adipisicing elit, sed do eiusmod tempor incididunt ut labore et dolore magna aliqua.Lorem ipsum dolor sit amet, consectetur adipisicing elit, sed do eiusmod tempor incididunt ut labore et dolore magna aliqua.<img alt=\"\" src=\"/data/product/product-10.png\" style=\"width: 262px; height: 262px; float: right; margin: 10px;\" /></p>
<p>Lorem ipsum dolor sit amet, consectetur adipisicing elit, sed do eiusmod tempor incididunt ut labore et dolore magna aliqua.Lorem ipsum dolor sit amet, consectetur adipisicing elit, sed do eiusmod tempor incididunt ut labore et dolore magna aliqua.</p>'),
('9','en','Easy Polo Black Edition 9', '','', '<p>Lorem ipsum dolor sit amet, consectetur adipisicing elit, sed do eiusmod tempor incididunt ut labore et dolore magna aliqua.Lorem ipsum dolor sit amet, consectetur adipisicing elit, sed do eiusmod tempor incididunt ut labore et dolore magna aliqua.<img alt=\"\" src=\"/data/product/product-10.png\" style=\"width: 262px; height: 262px; float: right; margin: 10px;\" /></p>
<p>Lorem ipsum dolor sit amet, consectetur adipisicing elit, sed do eiusmod tempor incididunt ut labore et dolore magna aliqua.Lorem ipsum dolor sit amet, consectetur adipisicing elit, sed do eiusmod tempor incididunt ut labore et dolore magna aliqua.</p>'),
('10','en','Easy Polo Black Edition 10', '','', '<p>Lorem ipsum dolor sit amet, consectetur adipisicing elit, sed do eiusmod tempor incididunt ut labore et dolore magna aliqua.Lorem ipsum dolor sit amet, consectetur adipisicing elit, sed do eiusmod tempor incididunt ut labore et dolore magna aliqua.<img alt=\"\" src=\"/data/product/product-10.png\" style=\"width: 262px; height: 262px; float: right; margin: 10px;\" /></p>
<p>Lorem ipsum dolor sit amet, consectetur adipisicing elit, sed do eiusmod tempor incididunt ut labore et dolore magna aliqua.Lorem ipsum dolor sit amet, consectetur adipisicing elit, sed do eiusmod tempor incididunt ut labore et dolore magna aliqua.</p>'),
('11','en','Easy Polo Black Edition 11', '','', '<p>Lorem ipsum dolor sit amet, consectetur adipisicing elit, sed do eiusmod tempor incididunt ut labore et dolore magna aliqua.Lorem ipsum dolor sit amet, consectetur adipisicing elit, sed do eiusmod tempor incididunt ut labore et dolore magna aliqua.<img alt=\"\" src=\"/data/product/product-10.png\" style=\"width: 262px; height: 262px; float: right; margin: 10px;\" /></p>
<p>Lorem ipsum dolor sit amet, consectetur adipisicing elit, sed do eiusmod tempor incididunt ut labore et dolore magna aliqua.Lorem ipsum dolor sit amet, consectetur adipisicing elit, sed do eiusmod tempor incididunt ut labore et dolore magna aliqua.</p>'),
('12','en','Easy Polo Black Edition 12', '','', '<p>Lorem ipsum dolor sit amet, consectetur adipisicing elit, sed do eiusmod tempor incididunt ut labore et dolore magna aliqua.Lorem ipsum dolor sit amet, consectetur adipisicing elit, sed do eiusmod tempor incididunt ut labore et dolore magna aliqua.<img alt=\"\" src=\"/data/product/product-10.png\" style=\"width: 262px; height: 262px; float: right; margin: 10px;\" /></p>
<p>Lorem ipsum dolor sit amet, consectetur adipisicing elit, sed do eiusmod tempor incididunt ut labore et dolore magna aliqua.Lorem ipsum dolor sit amet, consectetur adipisicing elit, sed do eiusmod tempor incididunt ut labore et dolore magna aliqua.</p>'),
('13','en','Easy Polo Black Edition 13', '','', '<p>Lorem ipsum dolor sit amet, consectetur adipisicing elit, sed do eiusmod tempor incididunt ut labore et dolore magna aliqua.Lorem ipsum dolor sit amet, consectetur adipisicing elit, sed do eiusmod tempor incididunt ut labore et dolore magna aliqua.<img alt=\"\" src=\"/data/product/product-10.png\" style=\"width: 262px; height: 262px; float: right; margin: 10px;\" /></p>
<p>Lorem ipsum dolor sit amet, consectetur adipisicing elit, sed do eiusmod tempor incididunt ut labore et dolore magna aliqua.Lorem ipsum dolor sit amet, consectetur adipisicing elit, sed do eiusmod tempor incididunt ut labore et dolore magna aliqua.</p>'),
('14','en','Easy Polo Black Edition 14', '','', '<p>Lorem ipsum dolor sit amet, consectetur adipisicing elit, sed do eiusmod tempor incididunt ut labore et dolore magna aliqua.Lorem ipsum dolor sit amet, consectetur adipisicing elit, sed do eiusmod tempor incididunt ut labore et dolore magna aliqua.<img alt=\"\" src=\"/data/product/product-10.png\" style=\"width: 262px; height: 262px; float: right; margin: 10px;\" /></p>
<p>Lorem ipsum dolor sit amet, consectetur adipisicing elit, sed do eiusmod tempor incididunt ut labore et dolore magna aliqua.Lorem ipsum dolor sit amet, consectetur adipisicing elit, sed do eiusmod tempor incididunt ut labore et dolore magna aliqua.</p>'),
('15','en','Easy Polo Black Edition 15', '','', '<p>Lorem ipsum dolor sit amet, consectetur adipisicing elit, sed do eiusmod tempor incididunt ut labore et dolore magna aliqua.Lorem ipsum dolor sit amet, consectetur adipisicing elit, sed do eiusmod tempor incididunt ut labore et dolore magna aliqua.<img alt=\"\" src=\"/data/product/product-10.png\" style=\"width: 262px; height: 262px; float: right; margin: 10px;\" /></p>
<p>Lorem ipsum dolor sit amet, consectetur adipisicing elit, sed do eiusmod tempor incididunt ut labore et dolore magna aliqua.Lorem ipsum dolor sit amet, consectetur adipisicing elit, sed do eiusmod tempor incididunt ut labore et dolore magna aliqua.</p>'),
('16','en','Easy Polo Black Edition 16', '','', '<p>Lorem ipsum dolor sit amet, consectetur adipisicing elit, sed do eiusmod tempor incididunt ut labore et dolore magna aliqua.Lorem ipsum dolor sit amet, consectetur adipisicing elit, sed do eiusmod tempor incididunt ut labore et dolore magna aliqua.<img alt=\"\" src=\"/data/product/product-10.png\" style=\"width: 262px; height: 262px; float: right; margin: 10px;\" /></p>
<p>Lorem ipsum dolor sit amet, consectetur adipisicing elit, sed do eiusmod tempor incididunt ut labore et dolore magna aliqua.Lorem ipsum dolor sit amet, consectetur adipisicing elit, sed do eiusmod tempor incididunt ut labore et dolore magna aliqua.</p>'),
('17','en','Easy Polo Black Edition 17', '','', '<p>Lorem ipsum dolor sit amet, consectetur adipisicing elit, sed do eiusmod tempor incididunt ut labore et dolore magna aliqua.Lorem ipsum dolor sit amet, consectetur adipisicing elit, sed do eiusmod tempor incididunt ut labore et dolore magna aliqua.<img alt=\"\" src=\"/data/product/product-10.png\" style=\"width: 262px; height: 262px; float: right; margin: 10px;\" /></p>
<p>Lorem ipsum dolor sit amet, consectetur adipisicing elit, sed do eiusmod tempor incididunt ut labore et dolore magna aliqua.Lorem ipsum dolor sit amet, consectetur adipisicing elit, sed do eiusmod tempor incididunt ut labore et dolore magna aliqua.</p>'),
('1','vi','Easy Polo Black Edition 1', '','', '<p>Lorem ipsum dolor sit amet, consectetur adipisicing elit, sed do eiusmod tempor incididunt ut labore et dolore magna aliqua.Lorem ipsum dolor sit amet, consectetur adipisicing elit, sed do eiusmod tempor incididunt ut labore et dolore magna aliqua.<img alt=\"\" src=\"/data/product/product-10.png\" style=\"width: 262px; height: 262px; float: right; margin: 10px;\" /></p>
<p>Lorem ipsum dolor sit amet, consectetur adipisicing elit, sed do eiusmod tempor incididunt ut labore et dolore magna aliqua.Lorem ipsum dolor sit amet, consectetur adipisicing elit, sed do eiusmod tempor incididunt ut labore et dolore magna aliqua.</p>'),
('2','vi','Easy Polo Black Edition 2', '','', '<p>Lorem ipsum dolor sit amet, consectetur adipisicing elit, sed do eiusmod tempor incididunt ut labore et dolore magna aliqua.Lorem ipsum dolor sit amet, consectetur adipisicing elit, sed do eiusmod tempor incididunt ut labore et dolore magna aliqua.<img alt=\"\" src=\"/data/product/product-10.png\" style=\"width: 262px; height: 262px; float: right; margin: 10px;\" /></p>
<p>Lorem ipsum dolor sit amet, consectetur adipisicing elit, sed do eiusmod tempor incididunt ut labore et dolore magna aliqua.Lorem ipsum dolor sit amet, consectetur adipisicing elit, sed do eiusmod tempor incididunt ut labore et dolore magna aliqua.</p>'),
('3','vi','Easy Polo Black Edition 3', '','', '<p>Lorem ipsum dolor sit amet, consectetur adipisicing elit, sed do eiusmod tempor incididunt ut labore et dolore magna aliqua.Lorem ipsum dolor sit amet, consectetur adipisicing elit, sed do eiusmod tempor incididunt ut labore et dolore magna aliqua.<img alt=\"\" src=\"/data/product/product-10.png\" style=\"width: 262px; height: 262px; float: right; margin: 10px;\" /></p>
<p>Lorem ipsum dolor sit amet, consectetur adipisicing elit, sed do eiusmod tempor incididunt ut labore et dolore magna aliqua.Lorem ipsum dolor sit amet, consectetur adipisicing elit, sed do eiusmod tempor incididunt ut labore et dolore magna aliqua.</p>'),
('4','vi','Easy Polo Black Edition 4', '','', '<p>Lorem ipsum dolor sit amet, consectetur adipisicing elit, sed do eiusmod tempor incididunt ut labore et dolore magna aliqua.Lorem ipsum dolor sit amet, consectetur adipisicing elit, sed do eiusmod tempor incididunt ut labore et dolore magna aliqua.<img alt=\"\" src=\"/data/product/product-10.png\" style=\"width: 262px; height: 262px; float: right; margin: 10px;\" /></p>
<p>Lorem ipsum dolor sit amet, consectetur adipisicing elit, sed do eiusmod tempor incididunt ut labore et dolore magna aliqua.Lorem ipsum dolor sit amet, consectetur adipisicing elit, sed do eiusmod tempor incididunt ut labore et dolore magna aliqua.</p>'),
('5','vi','Easy Polo Black Edition 5', '','', '<p>Lorem ipsum dolor sit amet, consectetur adipisicing elit, sed do eiusmod tempor incididunt ut labore et dolore magna aliqua.Lorem ipsum dolor sit amet, consectetur adipisicing elit, sed do eiusmod tempor incididunt ut labore et dolore magna aliqua.<img alt=\"\" src=\"/data/product/product-10.png\" style=\"width: 262px; height: 262px; float: right; margin: 10px;\" /></p>
<p>Lorem ipsum dolor sit amet, consectetur adipisicing elit, sed do eiusmod tempor incididunt ut labore et dolore magna aliqua.Lorem ipsum dolor sit amet, consectetur adipisicing elit, sed do eiusmod tempor incididunt ut labore et dolore magna aliqua.</p>'),
('6','vi','Easy Polo Black Edition 6', '','', '<p>Lorem ipsum dolor sit amet, consectetur adipisicing elit, sed do eiusmod tempor incididunt ut labore et dolore magna aliqua.Lorem ipsum dolor sit amet, consectetur adipisicing elit, sed do eiusmod tempor incididunt ut labore et dolore magna aliqua.<img alt=\"\" src=\"/data/product/product-10.png\" style=\"width: 262px; height: 262px; float: right; margin: 10px;\" /></p>
<p>Lorem ipsum dolor sit amet, consectetur adipisicing elit, sed do eiusmod tempor incididunt ut labore et dolore magna aliqua.Lorem ipsum dolor sit amet, consectetur adipisicing elit, sed do eiusmod tempor incididunt ut labore et dolore magna aliqua.</p>'),
('7','vi','Easy Polo Black Edition 7', '','', '<p>Lorem ipsum dolor sit amet, consectetur adipisicing elit, sed do eiusmod tempor incididunt ut labore et dolore magna aliqua.Lorem ipsum dolor sit amet, consectetur adipisicing elit, sed do eiusmod tempor incididunt ut labore et dolore magna aliqua.<img alt=\"\" src=\"/data/product/product-10.png\" style=\"width: 262px; height: 262px; float: right; margin: 10px;\" /></p>
<p>Lorem ipsum dolor sit amet, consectetur adipisicing elit, sed do eiusmod tempor incididunt ut labore et dolore magna aliqua.Lorem ipsum dolor sit amet, consectetur adipisicing elit, sed do eiusmod tempor incididunt ut labore et dolore magna aliqua.</p>'),
('8','vi','Easy Polo Black Edition 8', '','', '<p>Lorem ipsum dolor sit amet, consectetur adipisicing elit, sed do eiusmod tempor incididunt ut labore et dolore magna aliqua.Lorem ipsum dolor sit amet, consectetur adipisicing elit, sed do eiusmod tempor incididunt ut labore et dolore magna aliqua.<img alt=\"\" src=\"/data/product/product-10.png\" style=\"width: 262px; height: 262px; float: right; margin: 10px;\" /></p>
<p>Lorem ipsum dolor sit amet, consectetur adipisicing elit, sed do eiusmod tempor incididunt ut labore et dolore magna aliqua.Lorem ipsum dolor sit amet, consectetur adipisicing elit, sed do eiusmod tempor incididunt ut labore et dolore magna aliqua.</p>'),
('9','vi','Easy Polo Black Edition 9', '','', '<p>Lorem ipsum dolor sit amet, consectetur adipisicing elit, sed do eiusmod tempor incididunt ut labore et dolore magna aliqua.Lorem ipsum dolor sit amet, consectetur adipisicing elit, sed do eiusmod tempor incididunt ut labore et dolore magna aliqua.<img alt=\"\" src=\"/data/product/product-10.png\" style=\"width: 262px; height: 262px; float: right; margin: 10px;\" /></p>
<p>Lorem ipsum dolor sit amet, consectetur adipisicing elit, sed do eiusmod tempor incididunt ut labore et dolore magna aliqua.Lorem ipsum dolor sit amet, consectetur adipisicing elit, sed do eiusmod tempor incididunt ut labore et dolore magna aliqua.</p>'),
('10','vi','Easy Polo Black Edition 10', '','', '<p>Lorem ipsum dolor sit amet, consectetur adipisicing elit, sed do eiusmod tempor incididunt ut labore et dolore magna aliqua.Lorem ipsum dolor sit amet, consectetur adipisicing elit, sed do eiusmod tempor incididunt ut labore et dolore magna aliqua.<img alt=\"\" src=\"/data/product/product-10.png\" style=\"width: 262px; height: 262px; float: right; margin: 10px;\" /></p>
<p>Lorem ipsum dolor sit amet, consectetur adipisicing elit, sed do eiusmod tempor incididunt ut labore et dolore magna aliqua.Lorem ipsum dolor sit amet, consectetur adipisicing elit, sed do eiusmod tempor incididunt ut labore et dolore magna aliqua.</p>'),
('11','vi','Easy Polo Black Edition 11', '','', '<p>Lorem ipsum dolor sit amet, consectetur adipisicing elit, sed do eiusmod tempor incididunt ut labore et dolore magna aliqua.Lorem ipsum dolor sit amet, consectetur adipisicing elit, sed do eiusmod tempor incididunt ut labore et dolore magna aliqua.<img alt=\"\" src=\"/data/product/product-10.png\" style=\"width: 262px; height: 262px; float: right; margin: 10px;\" /></p>
<p>Lorem ipsum dolor sit amet, consectetur adipisicing elit, sed do eiusmod tempor incididunt ut labore et dolore magna aliqua.Lorem ipsum dolor sit amet, consectetur adipisicing elit, sed do eiusmod tempor incididunt ut labore et dolore magna aliqua.</p>'),
('12','vi','Easy Polo Black Edition 12', '','', '<p>Lorem ipsum dolor sit amet, consectetur adipisicing elit, sed do eiusmod tempor incididunt ut labore et dolore magna aliqua.Lorem ipsum dolor sit amet, consectetur adipisicing elit, sed do eiusmod tempor incididunt ut labore et dolore magna aliqua.<img alt=\"\" src=\"/data/product/product-10.png\" style=\"width: 262px; height: 262px; float: right; margin: 10px;\" /></p>
<p>Lorem ipsum dolor sit amet, consectetur adipisicing elit, sed do eiusmod tempor incididunt ut labore et dolore magna aliqua.Lorem ipsum dolor sit amet, consectetur adipisicing elit, sed do eiusmod tempor incididunt ut labore et dolore magna aliqua.</p>'),
('13','vi','Easy Polo Black Edition 13', '','', '<p>Lorem ipsum dolor sit amet, consectetur adipisicing elit, sed do eiusmod tempor incididunt ut labore et dolore magna aliqua.Lorem ipsum dolor sit amet, consectetur adipisicing elit, sed do eiusmod tempor incididunt ut labore et dolore magna aliqua.<img alt=\"\" src=\"/data/product/product-10.png\" style=\"width: 262px; height: 262px; float: right; margin: 10px;\" /></p>
<p>Lorem ipsum dolor sit amet, consectetur adipisicing elit, sed do eiusmod tempor incididunt ut labore et dolore magna aliqua.Lorem ipsum dolor sit amet, consectetur adipisicing elit, sed do eiusmod tempor incididunt ut labore et dolore magna aliqua.</p>'),
('14','vi','Easy Polo Black Edition 14', '','', '<p>Lorem ipsum dolor sit amet, consectetur adipisicing elit, sed do eiusmod tempor incididunt ut labore et dolore magna aliqua.Lorem ipsum dolor sit amet, consectetur adipisicing elit, sed do eiusmod tempor incididunt ut labore et dolore magna aliqua.<img alt=\"\" src=\"/data/product/product-10.png\" style=\"width: 262px; height: 262px; float: right; margin: 10px;\" /></p>
<p>Lorem ipsum dolor sit amet, consectetur adipisicing elit, sed do eiusmod tempor incididunt ut labore et dolore magna aliqua.Lorem ipsum dolor sit amet, consectetur adipisicing elit, sed do eiusmod tempor incididunt ut labore et dolore magna aliqua.</p>'),
('15','vi','Easy Polo Black Edition 15', '','', '<p>Lorem ipsum dolor sit amet, consectetur adipisicing elit, sed do eiusmod tempor incididunt ut labore et dolore magna aliqua.Lorem ipsum dolor sit amet, consectetur adipisicing elit, sed do eiusmod tempor incididunt ut labore et dolore magna aliqua.<img alt=\"\" src=\"/data/product/product-10.png\" style=\"width: 262px; height: 262px; float: right; margin: 10px;\" /></p>
<p>Lorem ipsum dolor sit amet, consectetur adipisicing elit, sed do eiusmod tempor incididunt ut labore et dolore magna aliqua.Lorem ipsum dolor sit amet, consectetur adipisicing elit, sed do eiusmod tempor incididunt ut labore et dolore magna aliqua.</p>'),
('16','vi','Easy Polo Black Edition 16', '','', '<p>Lorem ipsum dolor sit amet, consectetur adipisicing elit, sed do eiusmod tempor incididunt ut labore et dolore magna aliqua.Lorem ipsum dolor sit amet, consectetur adipisicing elit, sed do eiusmod tempor incididunt ut labore et dolore magna aliqua.<img alt=\"\" src=\"/data/product/product-10.png\" style=\"width: 262px; height: 262px; float: right; margin: 10px;\" /></p>
<p>Lorem ipsum dolor sit amet, consectetur adipisicing elit, sed do eiusmod tempor incididunt ut labore et dolore magna aliqua.Lorem ipsum dolor sit amet, consectetur adipisicing elit, sed do eiusmod tempor incididunt ut labore et dolore magna aliqua.</p>'),
('17','vi','Easy Polo Black Edition 17', '','', '<p>Lorem ipsum dolor sit amet, consectetur adipisicing elit, sed do eiusmod tempor incididunt ut labore et dolore magna aliqua.Lorem ipsum dolor sit amet, consectetur adipisicing elit, sed do eiusmod tempor incididunt ut labore et dolore magna aliqua.<img alt=\"\" src=\"/data/product/product-10.png\" style=\"width: 262px; height: 262px; float: right; margin: 10px;\" /></p>
<p>Lorem ipsum dolor sit amet, consectetur adipisicing elit, sed do eiusmod tempor incididunt ut labore et dolore magna aliqua.Lorem ipsum dolor sit amet, consectetur adipisicing elit, sed do eiusmod tempor incididunt ut labore et dolore magna aliqua.</p>');

/*shop_product_category*/
INSERT INTO `__SC_DB_PREFIX__shop_product_category` (`product_id`, `category_id`) VALUES 
('1', '13'),
('2', '13'),
('1', '10'),
('1', '6'),
('3', '11'),
('4', '11'),
('5', '11'),
('6', '11'),
('7', '12'),
('8', '10'),
('9', '6'),
('10', '11'),
('11', '10'),
('12', '9'),
('13', '5'),
('14', '11'),
('15', '6'),
('16', '9'),
('17', '9');

/*shop_product_image*/
INSERT INTO `__SC_DB_PREFIX__shop_product_image` (`image`, `product_id`) VALUES 
('/data/product/product-2.png', '1'),
('/data/product/product-11.png', '1'),
('/data/product/product-8.png', '11'),
('/data/product/product-6.png', '2'),
('/data/product/product-13.png', '11'),
('/data/product/product-12.png', '5'),
('/data/product/product-6.png', '5'),
('/data/product/product-1.png', '2'),
('/data/product/product-15.png', '2'),
('/data/product/product-5.png', '9'),
('/data/product/product-8.png', '8'),
('/data/product/product-2.png', '7'),
('/data/product/product-6.png', '7'),
('/data/product/product-11.png', '5'),
('/data/product/product-13.png', '4'),
('/data/product/product-13.png', '15'),
('/data/product/product-6.png', '15'),
('/data/product/product-12.png', '17'),
('/data/product/product-6.png', '17'),
('/data/product/product-2.png', '17');


/*shop_product_attribute*/
INSERT INTO `__SC_DB_PREFIX__shop_product_attribute` (`name`, `attribute_group_id`, `product_id`, `sort`, `add_price`) VALUES  
('Blue','1','17','0', '50'),
('White','1','17','0', '0'),
('S','2','17','0', '20'),
('XL','2','17','0', '30'),
('Blue','1','10','0', '150'),
('Red','1','10','0', '0'),
('S','2','10','0', '0'),
('M','2','10','0', '0');

/*shop_product_property*/
INSERT INTO `__SC_DB_PREFIX__shop_product_property` (`id`, `code`, `name`) VALUES 
('1','physical','Product physical'),
('2','download','Product download');

/*shop_product_build*/
INSERT INTO `__SC_DB_PREFIX__shop_product_build` (`build_id`, `product_id`, `quantity`) VALUES 
('15','6','1'),
('15','7','2');

/*shop_product_group*/
INSERT INTO `__SC_DB_PREFIX__shop_product_group` (`group_id`, `product_id`) VALUES 
('16', '1'),
('16', '2');

/*shop_product_promotion*/
INSERT INTO `__SC_DB_PREFIX__shop_product_promotion` (`product_id`, `price_promotion`) VALUES 
('1', '5000'),
('2', '3000'),
('13', '4000'),
('11', '600');

/*shop_banner*/
INSERT INTO `__SC_DB_PREFIX__shop_banner` (`title`, `image`, `html`, `target`, `status`, `type`, `store_id`) VALUES 
('Banner 1', '/data/banner/Main-banner-1-1903x600.jpg', '<h1 class=\"swiper-title-1\" data-caption-animate=\"fadeScale\" data-caption-delay=\"100\">Top-notch Furniture</h1><p class=\"biggest text-white-70\" data-caption-animate=\"fadeScale\" data-caption-delay=\"200\">Sofa Store provides the best furniture and accessories for homes and offices.</p><div class=\"button-wrap\" data-caption-animate=\"fadeInUp\" data-caption-delay=\"300\"> <span class=\"button button-zachem-tak-delat button-white button-zakaria\"> Shop now</span> </div>',  '_self',  1,  'banner',  1),
('Banner 2','/data/banner/Main-banner-3-1903x600.jpg', '<h1 class=\"swiper-title-1\" data-caption-animate=\"fadeScale\" data-caption-delay=\"100\">Top-notch Furniture</h1><p class=\"biggest text-white-70\" data-caption-animate=\"fadeScale\" data-caption-delay=\"200\">Sofa Store provides the best furniture and accessories for homes and offices.</p><div class=\"button-wrap\" data-caption-animate=\"fadeInUp\" data-caption-delay=\"300\"> <span class=\"button button-zachem-tak-delat button-white button-zakaria\"> Shop now</span> </div>',  '_self',  1,  'banner',  1),
('Banner 3','/data/banner/bgbr.jpg', '',  '_self',  1,  'breadcrumb',  1),
('Banner 4','/data/banner/store-1.jpg', '',  '_self',  1,  'banner-store',  1);


/*shop_brand*/
INSERT INTO `__SC_DB_PREFIX__shop_brand` (`name`, `alias`, `image`, `url`, `status`, `sort`) VALUES 
('Husq', 'husq', '/data/brand/01-181x52.png',  '', '1', '0'),
('Ideal', 'ideal', '/data/brand/02-181x52.png',  '', '1', '0'),
('Apex', 'apex', '/data/brand/03-181x52.png',  '', '1', '0'),
('CST', 'cst', '/data/brand/04-181x52.png',  '', '1', '0'),
('Klein', 'klein', '/data/brand/05-181x52.png',  '', '1', '0'),
('Metabo', 'metabo', '/data/brand/06-181x52.png',  '', '1', '0'),
('Avatar', 'avatar', '/data/brand/07-181x52.png',  '', '1', '0'),
('Brand KA', 'brand-ka', '/data/brand/08-181x52.png',  '', '1', '0');

/*shop_supplier*/
INSERT INTO `__SC_DB_PREFIX__shop_supplier` (`id`, `alias`, `name`, `email`, `phone`, `image`, `address`, `url`, `sort`, `store_id`) VALUES 
('1','abc-distributor','ABC distributor','abc@abc.com', '012496657567', '/data/supplier/supplier.png','', '', '0', 1),
('2','xyz-distributor','XYZ distributor','xyz@xyz.com', '012496657567', '/data/supplier/supplier.png','', '', '0', 1);


/*shop_category*/
INSERT INTO `__SC_DB_PREFIX__shop_category` (`id`, `alias`, `image`, `parent`, `top`, `sort`, `status`) VALUES 
('1', 'electronics', '/data/category/img-40.jpg', '0',  '1', '0','1'),
('2', 'clothing-wears', '/data/category/img-44.jpg', '0',  '1', '0','1'),
('3', 'mobile', '/data/category/img-42.jpg', '1',  '1', '0','1'),
('4', 'accessaries-extras', '/data/category/img-18.jpg', '0',  '1', '0','1'),
('5', 'computers', '/data/category/img-14.jpg', '1',  '1', '0','1'),
('6', 'tablets', '/data/category/img-14.jpg', '1',  '0', '0','1'),
('7', 'appliances', '/data/category/img-40.jpg', '1',  '0', '0','1'),
('8', 'men-clothing', '/data/category/img-14.jpg', '2',  '0', '0','1'),
('9', 'women-clothing', '/data/category/img-18.jpg', '2',  '1', '0','1'),
('10', 'kid-wear', '/data/category/img-14.jpg', '2',  '0', '0','1'),
('11', 'mobile-accessaries', '/data/category/img-40.jpg', '4',  '0', '0','1'),
('12', 'women-accessaries', '/data/category/img-42.jpg', '4',  '0', '3','1'),
('13', 'men-accessaries', '/data/category/img-40.jpg', '4',  '0', '3','1');


/*shop_category_description*/
INSERT INTO `__SC_DB_PREFIX__shop_category_description` (`category_id`, `lang`, `title`, `keyword`, `description`) VALUES 
('1', 'en', 'Electronics', '', ''),
('2', 'en', 'Clothing & Wears', '', ''),
('3', 'en', 'Mobile', '', ''),
('4', 'en', 'Accessaries & Extras', '', ''),
('5', 'en', 'Computers', '', ''),
('6', 'en', 'Tablets', '', ''),
('7', 'en', 'Appliances', '', ''),
('8', 'en', 'Men Clothing', '', ''),
('9', 'en', 'Women Clothing', '', ''),
('10', 'en', 'Kid Wear', '', ''),
('11', 'en', 'Mobile Accessaries', '', ''),
('12', 'en', 'Women Accessaries', '', ''),
('13', 'en', 'Men Accessaries', '', ''),
('1', 'vi', 'Thiết bị điện tử', '', ''),
('2', 'vi', 'Quần áo', '', ''),
('3', 'vi', 'Điện thoại', '', ''),
('4', 'vi', 'Phụ kiện ', '', ''),
('5', 'vi', 'Máy tính', '', ''),
('6', 'vi', 'Máy tính bảng', '', ''),
('7', 'vi', 'Thiết bị', '', ''),
('8', 'vi', 'Quần áo nam', '', ''),
('9', 'vi', 'Quần áo nữ', '', ''),
('10', 'vi', 'Đồ trẻ em', '', ''),
('11', 'vi', 'Phụ kiện điện thoại', '', ''),
('12', 'vi', 'Phụ kiện nữ', '', ''),
('13', 'vi', 'Phụ kiện nam', '', '');

/*shop_news*/
INSERT INTO `__SC_DB_PREFIX__shop_news` (`id`, `alias`, `image`, `sort`, `status`, `created_at`, `store_id`) VALUES 
(1, 'demo-alias-blog-1', '/data/content/blog-1.jpg',  0, '1', now(), 1),
(2, 'demo-alias-blog-2', '/data/content/blog-2.jpg',  0, '1', now(), 1),
(3, 'demo-alias-blog-3', '/data/content/blog-3.jpg',  0, '1', now(), 1),
(4, 'demo-alias-blog-4', '/data/content/blog-4.jpg',  0, '1', now(), 1),
(5, 'demo-alias-blog-5', '/data/content/blog-5.jpg',  0, '1', now(), 1),
(6, 'demo-alias-blog-6', '/data/content/blog-6.jpg',  0, '1', now(), 1);

/*shop_news_description*/
INSERT INTO `__SC_DB_PREFIX__shop_news_description` (`news_id`, `lang`, `title`, `keyword`, `description`, `content`) VALUES 
('1', 'en', 'Easy Polo Black Edition 1', '', '', '<p>Lorem ipsum dolor sit amet, consectetur adipisicing elit, sed do eiusmod tempor incididunt ut labore et dolore magna aliqua.Lorem ipsum dolor sit amet, consectetur adipisicing elit, sed do eiusmod tempor incididunt ut labore et dolore magna aliqua.<img alt=\"\" src=\"/data/product/product-10.png\" style=\"width: 262px; height: 262px; float: right; margin: 10px;\" /></p>
<p>Lorem ipsum dolor sit amet, consectetur adipisicing elit, sed do eiusmod tempor incididunt ut labore et dolore magna aliqua.Lorem ipsum dolor sit amet, consectetur adipisicing elit, sed do eiusmod tempor incididunt ut labore et dolore magna aliqua.</p>'),
('2', 'en', 'Easy Polo Black Edition 2', '', '', '<p>Lorem ipsum dolor sit amet, consectetur adipisicing elit, sed do eiusmod tempor incididunt ut labore et dolore magna aliqua.Lorem ipsum dolor sit amet, consectetur adipisicing elit, sed do eiusmod tempor incididunt ut labore et dolore magna aliqua.<img alt=\"\" src=\"/data/product/product-10.png\" style=\"width: 262px; height: 262px; float: right; margin: 10px;\" /></p>
<p>Lorem ipsum dolor sit amet, consectetur adipisicing elit, sed do eiusmod tempor incididunt ut labore et dolore magna aliqua.Lorem ipsum dolor sit amet, consectetur adipisicing elit, sed do eiusmod tempor incididunt ut labore et dolore magna aliqua.</p>'),
('3', 'en', 'Easy Polo Black Edition 3', '', '', '<p>Lorem ipsum dolor sit amet, consectetur adipisicing elit, sed do eiusmod tempor incididunt ut labore et dolore magna aliqua.Lorem ipsum dolor sit amet, consectetur adipisicing elit, sed do eiusmod tempor incididunt ut labore et dolore magna aliqua.<img alt=\"\" src=\"/data/product/product-10.png\" style=\"width: 262px; height: 262px; float: right; margin: 10px;\" /></p>
<p>Lorem ipsum dolor sit amet, consectetur adipisicing elit, sed do eiusmod tempor incididunt ut labore et dolore magna aliqua.Lorem ipsum dolor sit amet, consectetur adipisicing elit, sed do eiusmod tempor incididunt ut labore et dolore magna aliqua.</p>'),
('4', 'en', 'Easy Polo Black Edition 4', '', '', '<p>Lorem ipsum dolor sit amet, consectetur adipisicing elit, sed do eiusmod tempor incididunt ut labore et dolore magna aliqua.Lorem ipsum dolor sit amet, consectetur adipisicing elit, sed do eiusmod tempor incididunt ut labore et dolore magna aliqua.<img alt=\"\" src=\"/data/product/product-10.png\" style=\"width: 262px; height: 262px; float: right; margin: 10px;\" /></p>
<p>Lorem ipsum dolor sit amet, consectetur adipisicing elit, sed do eiusmod tempor incididunt ut labore et dolore magna aliqua.Lorem ipsum dolor sit amet, consectetur adipisicing elit, sed do eiusmod tempor incididunt ut labore et dolore magna aliqua.</p>'),
('5', 'en', 'Easy Polo Black Edition 5', '', '', '<p>Lorem ipsum dolor sit amet, consectetur adipisicing elit, sed do eiusmod tempor incididunt ut labore et dolore magna aliqua.Lorem ipsum dolor sit amet, consectetur adipisicing elit, sed do eiusmod tempor incididunt ut labore et dolore magna aliqua.<img alt=\"\" src=\"/data/product/product-10.png\" style=\"width: 262px; height: 262px; float: right; margin: 10px;\" /></p>
<p>Lorem ipsum dolor sit amet, consectetur adipisicing elit, sed do eiusmod tempor incididunt ut labore et dolore magna aliqua.Lorem ipsum dolor sit amet, consectetur adipisicing elit, sed do eiusmod tempor incididunt ut labore et dolore magna aliqua.</p>'),
('6', 'en', 'Easy Polo Black Edition 6', '', '', '<p>Lorem ipsum dolor sit amet, consectetur adipisicing elit, sed do eiusmod tempor incididunt ut labore et dolore magna aliqua.Lorem ipsum dolor sit amet, consectetur adipisicing elit, sed do eiusmod tempor incididunt ut labore et dolore magna aliqua.<img alt=\"\" src=\"/data/product/product-10.png\" style=\"width: 262px; height: 262px; float: right; margin: 10px;\" /></p>
<p>Lorem ipsum dolor sit amet, consectetur adipisicing elit, sed do eiusmod tempor incididunt ut labore et dolore magna aliqua.Lorem ipsum dolor sit amet, consectetur adipisicing elit, sed do eiusmod tempor incididunt ut labore et dolore magna aliqua.</p>'),
('1', 'vi', 'Easy Polo Black Edition 1', '', '', '<p>Lorem ipsum dolor sit amet, consectetur adipisicing elit, sed do eiusmod tempor incididunt ut labore et dolore magna aliqua.Lorem ipsum dolor sit amet, consectetur adipisicing elit, sed do eiusmod tempor incididunt ut labore et dolore magna aliqua.<img alt=\"\" src=\"/data/product/product-10.png\" style=\"width: 262px; height: 262px; float: right; margin: 10px;\" /></p>
<p>Lorem ipsum dolor sit amet, consectetur adipisicing elit, sed do eiusmod tempor incididunt ut labore et dolore magna aliqua.Lorem ipsum dolor sit amet, consectetur adipisicing elit, sed do eiusmod tempor incididunt ut labore et dolore magna aliqua.</p>'),
('2', 'vi', 'Easy Polo Black Edition 2', '', '', '<p>Lorem ipsum dolor sit amet, consectetur adipisicing elit, sed do eiusmod tempor incididunt ut labore et dolore magna aliqua.Lorem ipsum dolor sit amet, consectetur adipisicing elit, sed do eiusmod tempor incididunt ut labore et dolore magna aliqua.<img alt=\"\" src=\"/data/product/product-10.png\" style=\"width: 262px; height: 262px; float: right; margin: 10px;\" /></p>
<p>Lorem ipsum dolor sit amet, consectetur adipisicing elit, sed do eiusmod tempor incididunt ut labore et dolore magna aliqua.Lorem ipsum dolor sit amet, consectetur adipisicing elit, sed do eiusmod tempor incididunt ut labore et dolore magna aliqua.</p>'),
('3', 'vi', 'Easy Polo Black Edition 3', '', '', '<p>Lorem ipsum dolor sit amet, consectetur adipisicing elit, sed do eiusmod tempor incididunt ut labore et dolore magna aliqua.Lorem ipsum dolor sit amet, consectetur adipisicing elit, sed do eiusmod tempor incididunt ut labore et dolore magna aliqua.<img alt=\"\" src=\"/data/product/product-10.png\" style=\"width: 262px; height: 262px; float: right; margin: 10px;\" /></p>
<p>Lorem ipsum dolor sit amet, consectetur adipisicing elit, sed do eiusmod tempor incididunt ut labore et dolore magna aliqua.Lorem ipsum dolor sit amet, consectetur adipisicing elit, sed do eiusmod tempor incididunt ut labore et dolore magna aliqua.</p>'),
('4', 'vi', 'Easy Polo Black Edition 4', '', '', '<p>Lorem ipsum dolor sit amet, consectetur adipisicing elit, sed do eiusmod tempor incididunt ut labore et dolore magna aliqua.Lorem ipsum dolor sit amet, consectetur adipisicing elit, sed do eiusmod tempor incididunt ut labore et dolore magna aliqua.<img alt=\"\" src=\"/data/product/product-10.png\" style=\"width: 262px; height: 262px; float: right; margin: 10px;\" /></p>
<p>Lorem ipsum dolor sit amet, consectetur adipisicing elit, sed do eiusmod tempor incididunt ut labore et dolore magna aliqua.Lorem ipsum dolor sit amet, consectetur adipisicing elit, sed do eiusmod tempor incididunt ut labore et dolore magna aliqua.</p>'),
('5', 'vi', 'Easy Polo Black Edition 5', '', '', '<p>Lorem ipsum dolor sit amet, consectetur adipisicing elit, sed do eiusmod tempor incididunt ut labore et dolore magna aliqua.Lorem ipsum dolor sit amet, consectetur adipisicing elit, sed do eiusmod tempor incididunt ut labore et dolore magna aliqua.<img alt=\"\" src=\"/data/product/product-10.png\" style=\"width: 262px; height: 262px; float: right; margin: 10px;\" /></p>
<p>Lorem ipsum dolor sit amet, consectetur adipisicing elit, sed do eiusmod tempor incididunt ut labore et dolore magna aliqua.Lorem ipsum dolor sit amet, consectetur adipisicing elit, sed do eiusmod tempor incididunt ut labore et dolore magna aliqua.</p>'),
('6', 'vi', 'Easy Polo Black Edition 6', '', '', '<p>Lorem ipsum dolor sit amet, consectetur adipisicing elit, sed do eiusmod tempor incididunt ut labore et dolore magna aliqua.Lorem ipsum dolor sit amet, consectetur adipisicing elit, sed do eiusmod tempor incididunt ut labore et dolore magna aliqua.<img alt=\"\" src=\"/data/product/product-10.png\" style=\"width: 262px; height: 262px; float: right; margin: 10px;\" /></p>
<p>Lorem ipsum dolor sit amet, consectetur adipisicing elit, sed do eiusmod tempor incididunt ut labore et dolore magna aliqua.Lorem ipsum dolor sit amet, consectetur adipisicing elit, sed do eiusmod tempor incididunt ut labore et dolore magna aliqua.</p>');

/*shop_banner_type*/
INSERT INTO `__SC_DB_PREFIX__shop_banner_type` (`id`, `code`, `name`) VALUES 
('1','banner','Banner website'),
('2','background','Background website'),
('3','breadcrumb','Breadcrumb website'),
('4','banner-store','Banner store'),
('5','other','Other');